Season,Episode,Episode Title,Line,Character,Lines
2,17,Gnomes,14126,Tweek,[disheveled and really tweaked] AAAghah heheh. 
2,17,Gnomes,14132,Tweek,Yuh-ugh! 
2,17,Gnomes,14136,Tweek,Wagh! 
2,17,Gnomes,14163,Tweek,"[twitching and closing his right eye] AAAaaagh. Ugh, ugh, huh, aarrrnnn. Aaarrrhaharn. "
2,17,Gnomes,14169,Tweek,"Uuurrnnn, too much pressure! "
2,17,Gnomes,14171,Tweek,The gnomes! 
2,17,Gnomes,14173,Tweek,[gritting his teeth] We can do our report on the gnomes. 
2,17,Gnomes,14175,Tweek,"The underpants gnomes. The little guys that, that come into your room late, late at night and steal your underpants. "
2,17,Gnomes,14180,Tweek,"They come out at 3:30 in the morning. Most people aren't up then, but I am. I can't sleep. Ever. "
2,17,Gnomes,14182,Tweek,"[""No!! Sleep at my house tonight I'll prove it to you. ""]"
2,17,Gnomes,14189,Tweek,UUuuUunh! 
2,17,Gnomes,14191,Tweek,What do you mean?! 
2,17,Gnomes,14203,Tweek,Mwaaah! Slavery? 
2,17,Gnomes,14210,Tweek,Uunnnnhh! 
2,17,Gnomes,14219,Tweek,"[in a corner of the room, scared] What if my parents go out of business? Uh what'll I do? "
2,17,Gnomes,14221,Tweek,But we'll starve and die like dogs. 
2,17,Gnomes,14236,Tweek,I just have grounds. 
2,17,Gnomes,14244,Tweek,"Urgh. Uh maybe, maybe it was all in my head. Maybe I'm going insane! Oh no I'm going insane! "
2,17,Gnomes,14259,Tweek,There they are! 
2,17,Gnomes,14261,Tweek,"[""Time to go to work, work all nightSearch for underpants, hey!""]You guys, look! Look! You're missing it![the gnomes take off with two pairs of underpants:""We won't stop until we have underpantsYum tum yummy tum day!""] "
2,17,Gnomes,14262,Tweek,Arrgghh! They took them again! 
2,17,Gnomes,14266,Tweek,Why do they torture me like this?! Why can't they leave me alone?! 
2,17,Gnomes,14268,Tweek,They took my underpants again! Soon they'll want my blood! Blood! Euuggh! 
2,17,Gnomes,14274,Tweek,[throbs] Uurrgh! 
2,17,Gnomes,14285,Tweek,"Uunh, it's too much pressure! "
2,17,Gnomes,14290,Tweek,Waagh! 
2,17,Gnomes,14293,Tweek,I need coffee. 
2,17,Gnomes,14295,Tweek,Dad! 
2,17,Gnomes,14297,Tweek,"The metaphors, man! "
2,17,Gnomes,14302,Tweek,Agghh! 
2,17,Gnomes,14315,Tweek,"Uuhhh, no way, man! That is way too much pressure! "
2,17,Gnomes,14320,Tweek,[fretting] Aaarrrnnn! 
2,17,Gnomes,14341,Tweek,Wagh! 
2,17,Gnomes,14343,Tweek,Didn't you see them!? 
2,17,Gnomes,14348,Tweek,"Jesus, man, Jesus! What are we gonna do, huh?! "
2,17,Gnomes,14377,Tweek,[screen right to screen left] Aarrgghh! 
2,17,Gnomes,14418,Tweek,"Jesus, dude! I'm to blame for all this! I'm to blame for everything! "
2,17,Gnomes,14424,Tweek,"[""We won't stop""] Waagh! "
2,17,Gnomes,14427,Tweek,"You guys! Sshhhh! [""Time to go to work""] "
2,17,Gnomes,14430,Tweek,"They're taking my underpants![""We won't stop until we have underpantsYum tum yummy tum day""] "
2,17,Gnomes,14432,Tweek,"[points at the gnomes] Aaaggghhh! [""work all nightSearch for underpants, hey""They open the bottom drawer and go for the underpants] "
2,17,Gnomes,14435,Tweek,"[""Yum tum yummy tum day!""] That's my last pair of underpants! [""Time to go to work, work all nightSearch for underpants, hey..."" The gnomes go for the door, and the boys hop off the bed to follow. One gnome stops and faces the boys] "
2,17,Gnomes,14451,Tweek,Waggh. 
2,17,Gnomes,14536,Tweek,Aggghhh! 
3,5,Tweek vs. Craig,16677,Tweek,"Arrh! No, I'm not! "
3,5,Tweek vs. Craig,16679,Tweek,Arrrrh! 
3,5,Tweek vs. Craig,16707,Tweek,[revs up a belt sander.] Arrh! [jumps. Stan and Kyle walk to him] 
3,5,Tweek vs. Craig,16709,Tweek,[jumps] Gaarhrhrh! 
3,5,Tweek vs. Craig,16711,Tweek,[drops the sander] He does? 
3,5,Tweek vs. Craig,16713,Tweek,Why? 
3,5,Tweek vs. Craig,16715,Tweek,[jumps] Rrrrh! He doesn't look like he wants to fight me. 
3,5,Tweek vs. Craig,16725,Tweek,[twitches to one side] Rrrr! What a jerk! 
3,5,Tweek vs. Craig,16727,Tweek,Why?! What did I do?! 
3,5,Tweek vs. Craig,16729,Tweek,I guess so. 
3,5,Tweek vs. Craig,16765,Tweek,[opens the center window] Arrh! What do you guys want? 
3,5,Tweek vs. Craig,16767,Tweek,Craig and I have no reason to fight each other. 
3,5,Tweek vs. Craig,16769,Tweek,He did? 
3,5,Tweek vs. Craig,16771,Tweek,I don't have crooked teeth! 
3,5,Tweek vs. Craig,16773,Tweek,Everyone in the world?! Rrrr! [falls down behind the window] 
3,5,Tweek vs. Craig,16775,Tweek,I'm not a chicken! 
3,5,Tweek vs. Craig,16777,Tweek,[pops up] Wait! I'll fight! 
3,5,Tweek vs. Craig,16779,Tweek,Okay. 
3,5,Tweek vs. Craig,16796,Tweek,Errh! 
3,5,Tweek vs. Craig,16798,Tweek,"Dahad, if some kid in school wants to fight me, what should I do?? "
3,5,Tweek vs. Craig,16802,Tweek,[after a long lull] Well? 
3,5,Tweek vs. Craig,16804,Tweek,Nrr. What happened? 
3,5,Tweek vs. Craig,16807,Tweek,"Rrrrr! You guys never help me! [the parents look at each other, and Tweek starts banging his head against the table] Your stories never go anywhere! I hate it! I want out! I want out! [the parents resume eating] "
3,5,Tweek vs. Craig,16871,Tweek,How? 
3,5,Tweek vs. Craig,16874,Tweek,Me neither. 
3,5,Tweek vs. Craig,16879,Tweek,"Like what, then? "
3,5,Tweek vs. Craig,16894,Tweek,Rrrrh! 
3,5,Tweek vs. Craig,16898,Tweek,Hwaaah! [Stan and Kyle look at each other and shrug] 
3,5,Tweek vs. Craig,16900,Tweek,Uugh! 
3,5,Tweek vs. Craig,16903,Tweek,Ow! 
3,5,Tweek vs. Craig,16914,Tweek,Rrrr! 
3,5,Tweek vs. Craig,16963,Tweek,Hrrr. 
3,5,Tweek vs. Craig,16965,Tweek,"Rrrr, mean, rrrr. "
3,5,Tweek vs. Craig,16971,Tweek,Rrrr! [Craig adjusts his own head] Hr. [Craig flips him off] 
3,5,Tweek vs. Craig,16987,Tweek,What? 
3,5,Tweek vs. Craig,16989,Tweek,Rrrr! [punches Craig] 
3,5,Tweek vs. Craig,16996,Tweek,"[gets up] Huh? [Craig pops up and tackles Tweek. The other kids, fearing the fight over, cheer again.] "
3,5,Tweek vs. Craig,17038,Tweek,Rrr! 
3,5,Tweek vs. Craig,17051,Tweek,"Uuh! You son of a bitch! [pounces on Craig, and the fighting starts again, leaving the room a mess] "
3,6,Sexual Harassment Panda,17223,Tweek,[hops] Guh! 
4,11,Fourth Grade,25196,Tweek,"I can't take it, man! Writing in cursive?? Fractions?? I can't do i-it! "
5,7,Proper Condom Use,29810,Tweek,"Ah, I got rubber bands. [pulls a few out and walks over to Butters. Butters takes one] "
5,9,Osama bin Laden Has Farty Pants,30369,Tweek,"[drops off his mask] Oh, Jesus, man! They're gonna get me! [sits down] Oh Christ! [under his breath] they might - could get me. "
5,9,Osama bin Laden Has Farty Pants,30412,Tweek,"AAHH! This is it, man! It's over! "
6,6,Professor Chaos,34250,Tweek,"[sipping coffee, shaking violently] What if they don't pick me? What if they get us all, man! I mean, Christ! If they can get to the Pentagon, then they can get to us all, man! Aaaa! "
6,6,Professor Chaos,34270,Tweek,Oh man! This is too much pressure! 
6,6,Professor Chaos,34274,Tweek,Aaarr! [goes for his rose] 
6,6,Professor Chaos,34337,Tweek,O-oh Jesus! Aaah I can't take it! 
6,7,The Simpsons Already Did It,34444,Tweek,I can't. [presents the carrot] You do it. 
6,7,The Simpsons Already Did It,34446,Tweek,But what if I put it in the wrong place? 
6,7,The Simpsons Already Did It,34448,Tweek,"GARH. But what if, while I'm putting on the nose, the snowman comes to life and tries to kill me? "
6,7,The Simpsons Already Did It,34455,Tweek,Arrrr! 
6,7,The Simpsons Already Did It,34459,Tweek,"Oh man, that is waaay too much pressure! [Kyle puts the carrot in place] "
6,7,The Simpsons Already Did It,34463,Tweek,It's not? 
6,7,The Simpsons Already Did It,34474,Tweek,Gah! Me too. 
6,7,The Simpsons Already Did It,34511,Tweek,"[shaking] They package brine shrimp and sell them to kids? That's not right, man! "
6,7,The Simpsons Already Did It,34519,Tweek,"[blurts out] Jesus Christ, we killed her! "
6,7,The Simpsons Already Did It,34546,Tweek,"Jesus Christ, she's dead!! "
6,7,The Simpsons Already Did It,34556,Tweek,"Oh Jesus! [moves off the couch] That's it, man! I want nothing more to do with you guys! "
6,7,The Simpsons Already Did It,34558,Tweek,"They're gonna find you out! Then when they do I don't wanna be within fifty feet of you! You're gonna fry, man! "
6,7,The Simpsons Already Did It,34560,Tweek,What?! I told you NOT to put the sea people in her coffee! I wasn't even there when you did it! 
6,7,The Simpsons Already Did It,34563,Tweek,Rrrr-hr-hrrr!!! 
6,7,The Simpsons Already Did It,34576,Tweek,Gnaaahahahah! [pulls on his hair and looks at his fist] I pulled out my hair! 
6,7,The Simpsons Already Did It,34587,Tweek,"Hammertime? Can't the code word just be... ""lookout""? I won't remember ""Hammertime""! "
6,7,The Simpsons Already Did It,34590,Tweek,"Oh, God. [the boys split up. Tweek goes to the door ajar and steps out, Kyle to a table to the right, Cartman to a table to the left, Stan to the supply closet. Cartman opens the doors under his table and looks around, then goes to Kyle's table to check out the drawers there.] "
6,7,The Simpsons Already Did It,34597,Tweek,"[""[voices are heard he rushes back in] Erm! Hff. You gu-guys! Ha... Hamme- [covers his mouth] I can't remember uh-the code word! ""]"
6,7,The Simpsons Already Did It,34600,Tweek,"[hushed tones. Shadows appear down the hall and move towards the room] You guys! Um, dum dumdumdum, dumdum, dumdum. Can't touch this. Dum dumdumdum, dumdum, dumdum. Can't touch this. "
6,7,The Simpsons Already Did It,34603,Tweek,"[two people come down the hall] ...dumdum, dumdum. Can't touch this. Dum dumdumdum, dumdum, then stop. HAMMERTIME! "
6,7,The Simpsons Already Did It,34635,Tweek,Egh! I'm so relieved. Gaah-ah-ah! 
6,7,The Simpsons Already Did It,34651,Tweek,"They're like, bacteria. Small organisms live much faster lives and do things at a much faster rate. "
6,7,The Simpsons Already Did It,34653,Tweek,Hr! 
6,7,The Simpsons Already Did It,34698,Tweek,Soon they'll discover frozen food. Goh-ho. 
6,7,The Simpsons Already Did It,34700,Tweek,Uh-uh huh. 
6,7,The Simpsons Already Did It,34744,Tweek,"Me?? Aw, man! I don't wanna be a god. That is waaay too much pressure. "
6,7,The Simpsons Already Did It,34748,Tweek,Gaaa-hah! 
6,7,The Simpsons Already Did It,34750,Tweek,NOW what's happening? 
6,8,Red Hot Catholic Love,34770,Tweek,Maybe they wanna kill us. 
6,8,Red Hot Catholic Love,34813,Tweek,Arr! 
6,8,Red Hot Catholic Love,34825,Tweek,Rrrh. Nobody is going to tell us. This is going to drive me insane! 
6,8,Red Hot Catholic Love,34844,Tweek,I'm a what?? 
6,8,Red Hot Catholic Love,34939,Tweek,Harrr! 
6,9,Free Hat,35044,Tweek,"Don't you see what this means? All our favorite movies are going to be changed, and updated, until we can't even recognize them anymore. "
6,9,Free Hat,35052,Tweek,"NO! Nono, ah I don't wanna form a club! That's too much pressure! Look, ah-I'm supposed to take it easy; just, watch the clouds, sit on the grass. And, if we form a club there'll be responsibilites. Commitments! "
6,9,Free Hat,35054,Tweek,I'm not! I'm not a team player! 
6,9,Free Hat,35056,Tweek,[giving in] D'oh-ho! Oh Jesus! 
6,9,Free Hat,35063,Tweek,But we don't have hats! 
6,9,Free Hat,35065,Tweek,Aahh! 
6,9,Free Hat,35067,Tweek,"You see?? First we were just forming a club, now we have to make hats! When does it end?? "
6,9,Free Hat,35069,Tweek,Fifty hats? Oh Jesus! [runs off screen left] 
6,9,Free Hat,35071,Tweek,Ah! I'll never make it! I'll never make it! [his father happens by and notices the commotion] 
6,9,Free Hat,35073,Tweek,[shrieks] Hrrr! 
6,9,Free Hat,35075,Tweek,"My center. My... center. [closes his eyes and cups his chest] Calm. [enters a state of meditation. Richard turns and leaves, his cup stays] Puppies. [he finds himself sitting in the Lotus position by the side of a serene stream in a lovely meadow. All kinds of animals frolic around him, and a small Buddhist temple sits in the background] "
6,9,Free Hat,35077,Tweek,[comes out of his meditation] Gaaaaah! 
6,9,Free Hat,35079,Tweek,Oh God! 
6,9,Free Hat,35081,Tweek,"Aaaah! Oh God! [Cartman turns and walks out, a rattled Tweek resumes making the hats.] "
6,9,Free Hat,35083,Tweek,"You guys, we have a big problem! "
6,9,Free Hat,35085,Tweek,"I was up, all night, making hats. I only slept for an hour, ...and then I dreamt about making hats, but I only made fifteen! "
6,9,Free Hat,35088,Tweek,A thousand? [freaks out] Oh Jesus man! I don't have nearly a thousand hats! 
6,9,Free Hat,35090,Tweek,Goohoo! 
6,9,Free Hat,35093,Tweek,"[""Free hat!""] Oh God! "
6,9,Free Hat,35096,Tweek,"I gotta move away, you guys! "
6,9,Free Hat,35104,Tweek,Oh! Jesus! Don't tell them it was me! 
6,9,Free Hat,35106,Tweek,You don't? 
6,9,Free Hat,35109,Tweek,What? 
6,9,Free Hat,35125,Tweek,"[barges in through the front door] You guys! You guys! Oh God! Um, I've got terrible news! "
6,9,Free Hat,35127,Tweek,Ted Koppel wants us to appear on Nightline to talk about our cause. 
6,9,Free Hat,35130,Tweek,"No it isn't, man! Thahat's waaay too much pressure! "
6,9,Free Hat,35138,Tweek,Ga-ahah! 
6,9,Free Hat,35144,Tweek,Gaaarh! 
6,9,Free Hat,35146,Tweek,"[""TWEEK, ADVOCATE OF TODDLER MURDER"" appears at the bottom of the screen] Oh, Jesus, man! ...N'ahah! "
6,9,Free Hat,35148,Tweek,Ahah. U-uh. It's easy? 
6,9,Free Hat,35152,Tweek,Oh Christ! Wwwaaaaaaah! 
6,9,Free Hat,35159,Tweek,"Get me out of here! Please, somebody get me out of heeerre! "
6,9,Free Hat,35196,Tweek,No! That's it! I'm out! I can't deal with the stress you guys create! [walks off the stage] 
6,9,Free Hat,35198,Tweek,Hwaaah! 
6,9,Free Hat,35200,Tweek,Haaah! 
6,9,Free Hat,35204,Tweek,"[trying to stay composed, with eyes closed] I'm not breaking into George Lucas's house. I'm not breaking into George Lucas's house. I'm in a green field. "
6,9,Free Hat,35207,Tweek,I'm in a field... surrounded by deer. 
6,9,Free Hat,35211,Tweek,Huh uh. 
6,9,Free Hat,35213,Tweek,Guh huh huh! [walks off and returns with a stool. He climbs up on it and gets the reel canister. The door opens behind the boys and the lights go on] 
6,9,Free Hat,35215,Tweek,Oh God! Oh Jesus! 
6,9,Free Hat,35217,Tweek,[hops off the stool] Aaaaaah! 
6,9,Free Hat,35222,Tweek,"Oh God, no! Not Plan B! [Lucas looks at the boys quzzically] "
6,9,Free Hat,35236,Tweek,[freaks out] Aaaahh! 
6,9,Free Hat,35258,Tweek,"[runs] Oh my God they're gonna kill us. [the guards block the way, and the other three boys are stuck. Kyle tries to get around a guard, but...] "
6,9,Free Hat,35271,Tweek,"Members, uuhh, oh Jesus, uh, we have to do something! Our club president [Stan], treasurer [Kyle], and secretary [Cartman] have all been taken hostage by Steven Spielberg! Haaa! "
6,9,Free Hat,35273,Tweek,"[grits his teeth, shuts his eyes and bows his head in frustration] Yes, just like Hat!! "
6,9,Free Hat,35275,Tweek,"No! Listen to me! We're not talking about Hat right now, okay?! Gad!! Look, we went to George Lucas's house a-and tried to melt his icy heart with a warm island song, but then Spielberg showed up and took three of our members prisoner! They're goin' to premiere their new Raiders of the Lost Ark, and we have to rescue them! Do you understand?! "
6,9,Free Hat,35279,Tweek,No! 
6,9,Free Hat,35286,Tweek,Oh God. I'm gonna have to do this myself. Oh God! 
6,9,Free Hat,35290,Tweek,Hello! 
6,9,Free Hat,35292,Tweek,"I'm gonna blow up the print, Spielberg! [the other boys try to sneak away, but the guards are around them quickly] "
6,9,Free Hat,35295,Tweek,[fixes his aim on his target] That depends on how reasonable we're all willing to be. All I want are my friends. 
6,9,Free Hat,35297,Tweek,Except for Cartman - you can keep him. 
6,9,Free Hat,35300,Tweek,Then your premiere has no movie! 
6,9,Free Hat,35316,Tweek,"Ah, what?! "
6,9,Free Hat,35339,Tweek,Oh my God! 
6,9,Free Hat,35344,Tweek,But what about the original prints of Raiders of the Lost Ark? What if somebody else takes them and tries to change them? 
6,10,Bebe's Boobs Destroy Society,35353,Tweek,Cartman likes to play with dolls? 
6,10,Bebe's Boobs Destroy Society,35512,Tweek,[arrives] You... guys wanted me to meet you here? 
6,10,Bebe's Boobs Destroy Society,35514,Tweek,[sits next to Cartman] Oh God. 
6,11,Child Abduction is Not Funny,35743,Tweek,Oh God! [frantically fishes for the remote control] Change it! Change it! [finds it and changes channels] 
6,11,Child Abduction is Not Funny,35745,Tweek,"Agh! God, change it!! [clicks through a few channels] "
6,11,Child Abduction is Not Funny,35747,Tweek,[throws a fit] Aaaah!! 
6,11,Child Abduction is Not Funny,35749,Tweek,Gahahghah! 
6,11,Child Abduction is Not Funny,35752,Tweek,Oh God. They're gonna get me. 
6,11,Child Abduction is Not Funny,35754,Tweek,[points to the TV] I s-I saw! Uuuh! 
6,11,Child Abduction is Not Funny,35756,Tweek,[panting] Oh God! Huh! 
6,11,Child Abduction is Not Funny,35758,Tweek,[panting] Oh Jesus! Huh! 
6,11,Child Abduction is Not Funny,35761,Tweek,"No, ...NO! They're gonna get me! [wakes up] GAAAH! Huh, huh, huh-oh, oh God. [holds himself] Uh, just a dream. [gasps. His bedroom windows are open and the curtains are softly blowing in the breeze] OH MY GOD!! [quickly jumps up and closes the windows. Four knocks are heard at the door] GAAAH!! [throws the blanket over his head. Two more knocks, and then] "
6,11,Child Abduction is Not Funny,35763,Tweek,...Inside my room? Oh God! 
6,11,Child Abduction is Not Funny,35765,Tweek,"[thinks and looks around] Oh my God! [hops down and makes his way to the door] Oh! Oh! Jesus, see me through this. [opens the door and steps out, only to find a gun to his face. He gasps, then] AAAHH! "
6,11,Child Abduction is Not Funny,35767,Tweek,[look up bewildered] What? 
6,11,Child Abduction is Not Funny,35769,Tweek,[a bit panicked] Oh God! Oh Jesus! 
6,11,Child Abduction is Not Funny,35777,Tweek,"[stopping Cartman] Wait, that's not the usual ticket-taker guy! "
6,11,Child Abduction is Not Funny,35779,Tweek,So? I don't know him! 
6,11,Child Abduction is Not Funny,35781,Tweek,You relax! What if he wants to kill me?! AAAAAAAA!! [runs away] 
6,11,Child Abduction is Not Funny,35785,Tweek,[looks up] AAH! Uh... 
6,11,Child Abduction is Not Funny,35787,Tweek,Get away from meee! [runs off again. The confused driver looks at him go] 
6,11,Child Abduction is Not Funny,35790,Tweek,"I don't know you! [runs across the street] Ah, AAAH! "
6,11,Child Abduction is Not Funny,35793,Tweek,Huh uh! 
6,11,Child Abduction is Not Funny,35795,Tweek,I'm not supposed to talk to you! 
6,11,Child Abduction is Not Funny,35797,Tweek,"But it could be a trick! [a train zooms by, taking the paralyzed man with it. Tweek watches it go by] Ugh. That's a pretty good trick. "
6,11,Child Abduction is Not Funny,35799,Tweek,AaaaAAAHH! [hides under his covers] 
6,11,Child Abduction is Not Funny,35801,Tweek,[peeks out from behind the covers] The Ghost of Human Kindness? 
6,11,Child Abduction is Not Funny,35803,Tweek,What do you want? 
6,11,Child Abduction is Not Funny,35805,Tweek,"Huh-uh, how can I help it? It seems that everywhere I turn, someone is out to get me. "
6,11,Child Abduction is Not Funny,35807,Tweek,It isn't? 
6,11,Child Abduction is Not Funny,35816,Tweek,"I think so. You mean that, even though all the news is about murderers and abductors, those kind of people... only make up a very small part of the world. "
6,11,Child Abduction is Not Funny,35818,Tweek,I'll... try. 
6,11,Child Abduction is Not Funny,35820,Tweek,Your van? [flashlights click on and focus on the ghost and at least five squad cars pull up to the two people] 
6,11,Child Abduction is Not Funny,35823,Tweek,What the hell is going on? 
6,11,Child Abduction is Not Funny,35826,Tweek,No. 
6,11,Child Abduction is Not Funny,35872,Tweek,I didn't mean to. 
6,11,Child Abduction is Not Funny,35972,Tweek,Triben fak burushban. 
6,13,The Return of the Fellowship of the Ring to the Two Towers,36531,Tweek,Conifer? Walking there would take hours! 
6,13,The Return of the Fellowship of the Ring to the Two Towers,36543,Tweek,Me too. 
9,13,Free Willzyx,50268,Tweek,"Oh, Jesus, now what are we gonna do?! "
10,8,"Make Love, Not Warcraft",52731,Tweek,Mine too! 
10,8,"Make Love, Not Warcraft",52775,Tweek,"Aaaa! [his character runs all over the place, with no one offering to smother him and put out the flames] I'm burning! Oh Jesus I'm burning! [a scorpion kills Kenny's character nearby] "
10,11,Hell on Earth 2006,53567,Tweek,No! Don't do it! 
10,11,Hell on Earth 2006,53702,Tweek,Hguh. Then how come you couldn't do it? 
13,4,"Eat, Pray, Queef",62881,Tweek,Eagh! This has been the longest week of my life! 
13,9,Butters' Bottom Bitch,64204,Tweek,You did it! 
17,2,Informative Murder Porn,76827,Tweek,I caught my parents over at Bebe's house watching Seductive Homicides. But Bebe got the lock from the cable company! 
17,7,Black Friday,78130,Tweek,"They're not better, they're just more expensive. "
17,10,The Hobbit,78886,Tweek,"Oh man, you're a lucky guy. "
19,6,Tweek x Craig,83016,Tweek,What? 
19,6,Tweek x Craig,83037,Tweek,"[Over caffeinated] What is going on, huh? Huh? Me and him aren't together. Why is this happening?! "
19,6,Tweek x Craig,83039,Tweek,Everyone thinks I'm gay! What if my parents find out! Huh! 
19,6,Tweek x Craig,83045,Tweek,I'm not either! 
19,6,Tweek x Craig,83047,Tweek,What's that? 
19,6,Tweek x Craig,83049,Tweek,Gah! 
19,6,Tweek x Craig,83053,Tweek,NO! 
19,6,Tweek x Craig,83055,Tweek,"Craig, can I touch your penis? "
19,6,Tweek x Craig,83085,Tweek,No. 
19,6,Tweek x Craig,83087,Tweek,"Oh God. [lets his head hit the table, smashing into all of his food] "
19,6,Tweek x Craig,83090,Tweek,AAaaagh! 
19,6,Tweek x Craig,83122,Tweek,You're the one with the fuckin' problem! [pushes Craig back] 
19,6,Tweek x Craig,83124,Tweek,"You'd better not fuckin' push me again, man! "
19,6,Tweek x Craig,83166,Tweek,"No, no! What are you doing here? [keeps his distance] "
19,6,Tweek x Craig,83168,Tweek,There's no stopping it! The whole world wants me to be something I'm not! 
19,6,Tweek x Craig,83170,Tweek,What?? 
19,6,Tweek x Craig,83172,Tweek,What?! Are you insane?! The way everyone-! 
19,6,Tweek x Craig,83174,Tweek,"Like acting? No man, that is way too much pressure! I'll fail- "
19,6,Tweek x Craig,83176,Tweek,Agh. I'm a terrible actor. 
19,6,Tweek x Craig,83178,Tweek,Oh gah-okay. Oh God! 
19,6,Tweek x Craig,83194,Tweek,"What? Why not? [Stan, Kyle, Kenny, Dav√≠d, and Butters arrive] "
19,6,Tweek x Craig,83196,Tweek,"We don't belong together? What suddenly changed, Craig? "
19,6,Tweek x Craig,83198,Tweek,Uh huh. And who the hell is Michael?! Huh?! You wanna tell me that?! [jaws begin to drop] 
19,6,Tweek x Craig,83200,Tweek,"I went through your phone when we went out last night, Craig! I saw your texts to Michael about hooking up with him! "
19,6,Tweek x Craig,83202,Tweek,"Oh, it's not? "
19,6,Tweek x Craig,83204,Tweek,"Oh, don't use that lame shit on me, man! You don't wanna feel bad, so you try and tell me what I want? "
19,6,Tweek x Craig,83206,Tweek,"[tears up, voice cracks] Noho, you're not the bad guy! You're never the bad guy, are you?! You, you just step on people and you use them! "
19,6,Tweek x Craig,83208,Tweek,Agh-I'm going too far?! What is wrong with you? 
19,6,Tweek x Craig,83210,Tweek,"Well, guess what, Craig! Love doesn't follow a plan! "
19,6,Tweek x Craig,83212,Tweek,"[tears fill his eyes] I was totally wrong about you. I opened myself up and let you in. But you've got spikes, man. You've got spikes. [walks away. Before he goes off screen, he breaks out in a big grin.] "
19,6,Tweek x Craig,83235,Tweek,"Hi, is Craig here, sir? "
19,6,Tweek x Craig,83239,Tweek,"Hey, dude. "
19,6,Tweek x Craig,83241,Tweek,I thought when we broke up everything would get better. I was thinking maybe we should say we're back together. 
19,6,Tweek x Craig,83243,Tweek,What does that have to do with anything? 
19,6,Tweek x Craig,83245,Tweek,You said to make it seem real. 
19,6,Tweek x Craig,83247,Tweek,"I'm so sorry, Craig. You, you made me believe in myself in a way I never have before. I didn't think I had any of that in me, but... you were right. I can do more than I think. You... changed something in me and I just... I wanna fix whatever's hurting you now. [Thomas, who's been looking out the window, begins to cry] "
19,6,Tweek x Craig,83249,Tweek,Alright Craig. Alright. [turns left and walks away] 
21,2,Put It Down,87231,Tweek,"We're all gonna die! They have nuclear missiles! Wuh! Waaaa! Why are you just sitting there, doing nothing?! [stops playing and faces the audience] We have to get out of here! North Korea wants to kill us all and our President keeps making it worse! [walks to the front of the stage] Why are you just sitting there?! [returns to the piano and resumes playing] Why are you all acting like nothing's wrooong?! North Korea is going to bomb us! We are all dead! [Stan and Kyle glance at each other] We have to do something! Do something! Do something! [screams, leaves the piano, and exits stage right] "
21,2,Put It Down,87252,Tweek,AAAH! 
21,2,Put It Down,87254,Tweek,"[startled, turns to face him] AAAH! "
21,2,Put It Down,87256,Tweek,I can't settle down! We're all gonna die! 
21,2,Put It Down,87258,Tweek,[hears a tweet and pulls out his phone. Now frantic] Oh God! The President tweeted that North Korea doesn't have the guts to attack us! Why would he say that?! He's making everything worse! 
21,2,Put It Down,87260,Tweek,But North Koreans are gonna think we all agree with the President! 
21,2,Put It Down,87262,Tweek,...That won't help anything! North Korea wants us dead! 
21,2,Put It Down,87264,Tweek,I can't write in Korean and they all think we're war-hungry anyway! 
21,2,Put It Down,87266,Tweek,Errrrg! 
21,2,Put It Down,87268,Tweek,"Send something, like what? "
21,2,Put It Down,87270,Tweek,I don't know how to make croissants! 
21,2,Put It Down,87272,Tweek,"Uunnggc, [slowly] cupcakes? "
21,2,Put It Down,87274,Tweek,Okay. [turns and heads out. Craig watches him leave] 
21,2,Put It Down,87303,Tweek,Huh? Oh. [taps on the screen and a video pops up] 
21,2,Put It Down,87305,Tweek,"Oh, ahhh. [smiles. A tweet notification is heard] Huh? [BREAKING NEWS] U.S. President responds to cupcakes. [taps on the notification and another video pops up] "
21,2,Put It Down,87307,Tweek,"D""AAAAH! WHAT?? WHY WOULD HE SAY THAT?! "
21,2,Put It Down,87309,Tweek,The President! He tweeted about me! Why would he do that?! Did you see that?! 
21,2,Put It Down,87311,Tweek,Wwwhat? 
21,2,Put It Down,87313,Tweek,...A fidget spinner?? Did you read what the President tweeted?? [another video pops up] 
21,2,Put It Down,87315,Tweek,[freaking out] AAAAAAAAAAAAAAAH! 
21,2,Put It Down,87324,Tweek,AAH! [drops the spinner] 
21,2,Put It Down,87326,Tweek,"Greeaat. [picks up the spinner and spins it again, only to see it fly off his hand a second later.] "
21,2,Put It Down,87328,Tweek,What is that?? 
21,2,Put It Down,87330,Tweek,[runs outside to look around.] D'aaah! [finally locates the origin of the sound and looks up to see a North Korean missile flying over the town] D'aaah! [runs back into the house and turns on the TV] 
21,2,Put It Down,87332,Tweek,D'aahaahaah! 
21,2,Put It Down,87335,Tweek,Oh my God! Oh my God! Why is this happening to me?! They have to know that this isn't my fault! 
21,2,Put It Down,87337,Tweek,Whaaat?! Why would he say that?! 
21,2,Put It Down,87339,Tweek,Oh my God! What is he doing?! 
21,2,Put It Down,87341,Tweek,Why won't he just stop? Why?! 
21,2,Put It Down,87343,Tweek,Why does he keep making it worse?! 
21,2,Put It Down,87375,Tweek,WAAAAH! 
21,2,Put It Down,87377,Tweek,[holds out his phone] Look at what the President tweeted now! 
21,2,Put It Down,87379,Tweek,Just read it! [hands the phone to Craig] 
21,2,Put It Down,87381,Tweek,"They're gonna get me, Craig! Look at what's on CNN! [turns on Craig's TV and changes the channel from a kids' cartoon to CNN] "
21,2,Put It Down,87383,Tweek,Waaaah! What am I gonna do?! 
21,2,Put It Down,87385,Tweek,How am I supposed to calm down?! North Korea is gonna get me! They're gonna get me! 
21,2,Put It Down,87387,Tweek,"But Craig, I- "
21,2,Put It Down,87408,Tweek,"Ugh! What are we doing here, Craig?! "
21,2,Put It Down,87410,Tweek,[grunts a few times] The Ferris wheel!! 
21,2,Put It Down,87413,Tweek,[decides to look at his phone] Oh God! Another tweet from the President! 
21,2,Put It Down,87415,Tweek,"""Why would the U.S. be scared of North Korea? Tweek is so not scared he's at an amusement park in Denver right now."" [gasps] JESUS CHRIST, WE'VE GOTTA GET OUT OF HERE!! "
21,2,Put It Down,87423,Tweek,"[noticing] Oh my God, what is that? What is that?! "
21,2,Put It Down,87425,Tweek,Will you please stop saying that?! I can't take it! 
21,2,Put It Down,87427,Tweek,"Well, maybe I don't wanna feel better right now! "
21,2,Put It Down,87429,Tweek,"Why do you have to be so logical?! I don't need you to problem-solve all the time, I need you to... Augh, I don't know! "
21,2,Put It Down,87431,Tweek,"You haven't been dealing with it, you've been trying to make it go away because my emotions are freaking you out! [behind him, a girl screams as the runaway bumper car mows her down. The mother in the car is still screaming] "
21,2,Put It Down,87433,Tweek,There you go again! Stop preaching facts to me! It's not what I need! 
21,2,Put It Down,87453,Tweek,"What? What do you mean, what's going on?! The same shit that's been going on! "
21,2,Put It Down,87455,Tweek,I feel scared! I feel alone! 
21,2,Put It Down,87457,Tweek,It is! [gets off the bed and walks up to Craig] It's terrible! 
21,2,Put It Down,87459,Tweek,"Like, like I have no control over my life. Like I'm just a pawn in a big game. "
21,2,Put It Down,87461,Tweek,"Yeah, like trapped, but like, completely unable to even move. "
21,2,Put It Down,87463,Tweek,"I don't know, it's... it's like... maybe, maybe I have to find a way to feel a little in charge of me again. "
21,2,Put It Down,87465,Tweek,"I don't know, but I I've gotta do something about this. There's gotta be a way I can... [stops shaking and comes to a realization. He turns to see Craig and smiles. Craig smiles back] Thank you, Craig. [turns around and thinks] I've got it. People aren't focused on the right thing. I know what I should do. "
21,4,Franchise Prequel,87977,Tweek,This franchise plan sucks! 
21,4,Franchise Prequel,87988,Tweek,Yeah! 
21,9,SUPER HARD PCness,89104,Tweek,"[running by] Cartman and his girlfriend are fighting again. [Stan closes his locker door and joins the others. They get to the actual fight, where Heidi throws punches at Cartman] "
21,9,SUPER HARD PCness,89262,Tweek,"[runs up and takes the phone from Stan] Kyle! Kyle! Don't do this, man! You can't mess with this shit while You Know Who is in office! We're all gonna die! "
21,10,Splatty Tomato,89358,Tweek,Aaaagh! 
21,10,Splatty Tomato,89360,Tweek,It's the President! Gaaahhh! [rides away quickly] 
21,10,Splatty Tomato,89367,Tweek,"I saw what I saw, Craig! You have to believe me! "
21,10,Splatty Tomato,89370,Tweek,It was real! He tried to get me! 
21,10,Splatty Tomato,89372,Tweek,"The President! [Stan looks away, as if Tweek's statement hit close to home] "
21,10,Splatty Tomato,89404,Tweek,We're all going to be missing soon! Nyaaarg! 
21,10,Splatty Tomato,89476,Tweek,Do we really need music? 
22,8,Buddha Box,91520,Tweek,I just feel that Craig has changed so much lately! He barely even talks to me anymore! 
